epoch,train_loss,val_loss,lr,no_improve_epochs
1,11.036825875441233,9.455775439739227,0.003,0
2,10.707317312558493,10.071686242707074,0.003,1
3,10.892971515655518,9.156484346836805,0.003,0
4,3.6067520479361215,0.3856718954630196,0.003,0
5,1.1239422646661599,0.5940118122380227,0.003,1
6,0.3103872071951628,0.45186823420226574,0.003,2
7,0.36054337304085493,0.12985500181093812,0.003,0
8,0.20659437961876392,0.15985633895616047,0.003,1
9,0.08668957278132439,0.05259885071427561,0.003,0
10,0.057382425448546805,0.058984640607377514,0.003,1
11,0.044038500636816025,0.039579942109412514,0.003,0
12,0.03525795383999745,0.03453061189793516,0.003,0
13,0.03176909211712579,0.032606812368612736,0.003,0
14,0.029827758204191923,0.03054851094202604,0.003,0
15,0.02850268214630584,0.028929149091709405,0.003,0
16,0.025889618167032797,0.025564876486896537,0.003,0
17,0.018001441261731088,0.006765432946849614,0.003,0
18,0.013148833299055696,0.014325073119834997,0.003,1
19,0.016144237655680627,0.013015256001381204,0.003,2
20,0.009733049024362117,0.016137886588694528,0.003,3
21,0.01313560374546796,0.006821739480074029,0.003,4
22,0.010902174554454783,0.004133099842874799,0.003,0
23,0.008853331324644387,0.006867264666652773,0.003,1
24,0.004819773409205179,0.004615967955032829,0.003,2
25,0.006686007904742534,0.00754457245420781,0.003,3
26,0.020462315616896376,0.01416445265931543,0.003,4
27,0.027390195541859914,0.041420506313443184,0.003,5
28,0.03505880176089704,0.06066069647204131,0.003,6
29,0.03284503682516515,0.0350845757056959,0.003,7
30,0.06603257435684402,0.07824158680159599,0.003,8
31,0.03634676098590717,0.053597025224007666,0.003,9
32,0.044123664032667875,0.03331723078736104,0.003,10
33,0.05198956053936854,0.03117965639103204,0.0015,11
34,0.02244656498078257,0.026521171821514145,0.0015,12
35,0.012281404129074266,0.00823858840885805,0.0015,13
36,0.009161881830853721,0.004267188312951475,0.0015,14
37,0.0034917770341659584,0.0022303125224425457,0.0015,0
38,0.002022427487342308,0.002161702367629914,0.0015,0
39,0.0017562194019167994,0.0016436069490737282,0.0015,0
40,0.0019180975602163623,0.0017361753216391662,0.0015,1
41,0.0016339015952932339,0.0016174700831470545,0.0015,0
42,0.0012467318495813136,0.0013448385207084357,0.0015,0
43,0.0012430676579242572,0.001276945371500915,0.0015,0
44,0.0010349004526991241,0.001217693059516023,0.0015,0
45,0.0010508548039069865,0.0012286195706110448,0.0015,1
46,0.001004318313789554,0.0011049909162466065,0.0015,0
47,0.0009232984909128087,0.001077053825611074,0.0015,0
48,0.0008811466468614526,0.001047321632540843,0.0015,0
49,0.000829678133110671,0.0008579660809573397,0.0015,0
50,0.000767812206807624,0.0008286842999041255,0.0015,0
51,0.0007746302217128687,0.0007718293077232374,0.0015,0
52,0.0007178712451908117,0.0007050197077660414,0.0015,0
53,0.0007310070601912836,0.0009448748126033024,0.0015,1
54,0.0008404063410125673,0.0008098062744466006,0.0015,2
55,0.0007059891747000316,0.0006788459215840703,0.0015,0
56,0.0006134775503596757,0.0005717387348340708,0.0015,0
57,0.000531936118932208,0.0012134403150412254,0.0015,1
58,0.0006317221705103293,0.000616853981227905,0.0015,2
59,0.0005460221461059215,0.0005598803425073129,0.0015,0
60,0.0005431589609846318,0.0006789901017327793,0.0015,1
61,0.00044079575915626873,0.00046712055473108194,0.0015,0
62,0.0004274315397196915,0.00048633053847879637,0.0015,1
63,0.00041942355286058347,0.0005383256379900558,0.0015,2
64,0.00040881704080675263,0.0005024587553634774,0.0015,3
65,0.00043838584921710816,0.0004677342310515087,0.0015,4
66,0.0004264872914063744,0.00048478365897608455,0.0015,5
67,0.0004855180328983503,0.00040097890496326727,0.0015,0
68,0.00039852390424736467,0.0003663748273083911,0.0015,0
69,0.0003857705863386703,0.000492631503220764,0.0015,1
70,0.00040172629329996806,0.00046428512791862886,0.0015,2
71,0.00041289044626561616,0.0010192510981141822,0.0015,3
72,0.0005016985693752455,0.0003477026632481284,0.0015,0
73,0.0003252331528832049,0.00045669084761357226,0.0015,1
74,0.0003777308884309605,0.0007454336423506902,0.0015,2
75,0.0006043536692838339,0.0005629353154290584,0.0015,3
76,0.0006138381431810558,0.00043353743330953876,0.0015,4
77,0.0004283877133275382,0.0011498947742438759,0.0015,5
78,0.0016348386343452148,0.00042956088600476505,0.0015,6
79,0.002672293090048091,0.007273907940543722,0.0015,7
80,0.003988804446028856,0.003254791181461769,0.0015,8
81,0.001484698915495149,0.0021796413220727118,0.0015,9
82,0.002190863298892509,0.005179518674594874,0.0015,10
83,0.0028482915028386437,0.004655079401345574,0.00075,11
84,0.0021844944421900436,0.002553203852585284,0.00075,12
85,0.0007888066168864801,0.0004833952081071402,0.00075,13
86,0.00040711319525144063,0.00041165327274939045,0.00075,14
87,0.00039208373467166285,0.00030836108146559127,0.00075,0
88,0.00031943517084679723,0.0003113675572876673,0.00075,1
89,0.00029233668950231123,0.0003174210503402719,0.00075,2
90,0.00030316650979026843,0.00028045804242537997,0.00075,0
91,0.00029244410810254823,0.0004048608361699735,0.00075,1
92,0.00028678615247675526,0.0002866977068833876,0.00075,2
93,0.00026332677286215284,0.0002751686888586846,0.00075,0
94,0.0002778666991313609,0.00031559764329358586,0.00075,1
95,0.0002580850499119454,0.0002631813755442636,0.00075,0
96,0.00024814007398769416,0.00034459032121958444,0.00075,1
97,0.0002778000659115302,0.000376172238475192,0.00075,2
98,0.00041116255063874024,0.0007800010416758596,0.00075,3
99,0.0009357043478909569,0.0014715657773649582,0.00075,4
100,0.0007076153160596732,0.0008199767949008674,0.00075,5
101,0.0010080823218838002,0.001288348832531483,0.00075,6
102,0.0013170710905493859,0.0009339763155367109,0.00075,7
103,0.0004978086847889548,0.0005029199792261352,0.00075,8
104,0.0004732733723358251,0.0004818990764761111,0.00075,9
105,0.0004267680287739495,0.0002740813831678679,0.00075,10
106,0.0002870600613581094,0.00036682969903267804,0.000375,11
107,0.00033356305842365447,0.0002666009487484189,0.000375,12
108,0.0002556510941455296,0.00031070138356881216,0.000375,13
109,0.0002290151678607799,0.00024883601622605056,0.000375,0
110,0.00024513625976396725,0.00028034187494085927,0.000375,1
111,0.00023034470541460905,0.0002563141492828436,0.000375,2
112,0.00020575220939160013,0.00023256605777532968,0.000375,0
113,0.00021185855863829298,0.00024695530271401367,0.000375,1
114,0.00019921337176735202,0.00022689160209665715,0.000375,0
115,0.00019899346079910174,0.000224499725845817,0.000375,0
116,0.0001999219057324808,0.00022761638149404462,0.000375,1
117,0.00020771628624061123,0.00022043480544198246,0.000375,0
118,0.00019862050006243712,0.00023095251856375398,0.000375,1
119,0.00019735859981058942,0.00021889978881972638,0.000375,0
120,0.0001937835143811147,0.00022499100168715813,0.000375,1
121,0.0001946571331548815,0.00021769602597032645,0.000375,0
122,0.00020162642552653173,0.0002762184428775072,0.000375,1
123,0.00020122492363346586,0.0002291786568093812,0.000375,2
124,0.0002072895792177102,0.00023113204224500805,0.000375,3
125,0.0002059404553923135,0.00021802185631258908,0.000375,4
126,0.00019098465054412372,0.00021138056013114692,0.000375,0
127,0.00018694810266121445,0.0002149295272602103,0.000375,1
128,0.00019372514604280391,0.00021507320786895434,0.000375,2
129,0.00019092040474788519,0.00020898360799037619,0.000375,0
130,0.0001923740213290633,0.00020918497318689333,0.000375,1
131,0.00020094460827143243,0.00022902073874320195,0.000375,2
132,0.0002175673683571707,0.0003390617130207829,0.000375,3
133,0.0002743689331812978,0.0003294520333838591,0.000375,4
134,0.0002665880383574404,0.00031040021644912485,0.000375,5
135,0.00024173939467194336,0.0002105321954104511,0.000375,6
136,0.00020651272946755247,0.0002200136759711313,0.000375,7
137,0.00018696566075959709,0.00020583248635830387,0.000375,0
138,0.00019306744343339233,0.0002057514952866768,0.000375,0
139,0.00018922486985199308,0.00020560264312052823,0.000375,0
140,0.00018416623728019962,0.000200275859242538,0.000375,0
141,0.00017175665804340193,0.00019675230169013957,0.000375,0
142,0.0001786003394954605,0.00019085667020135588,0.000375,0
143,0.0001687236326688435,0.00018826908171831747,0.000375,0
144,0.0001715119318153787,0.00019869639220360114,0.000375,1
145,0.00018971217650687322,0.0002139148300557281,0.000375,2
146,0.00018145181547879474,0.00019354865514742414,0.000375,3
147,0.0001645874963287497,0.00018454210976415197,0.000375,0
148,0.0001785160099340525,0.0001836765072766866,0.000375,0
149,0.0001699158741151526,0.00019030605915304477,0.000375,1
150,0.0001798192048833395,0.00019064599791818182,0.000375,2
151,0.00019017378326680046,0.00020657218522046605,0.000375,3
152,0.00019086533029621933,0.0002039355783836072,0.000375,4
153,0.00015823900381898662,0.00018869469317905896,0.000375,5
154,0.00016314703680109233,0.000190214885833484,0.000375,6
155,0.0001762265286136729,0.000177979108798354,0.000375,0
156,0.00018664273375179619,0.00022473758519936382,0.000375,1
157,0.00019764609108581985,0.0001976824737539573,0.000375,2
158,0.00020331382681130586,0.0001807185368534192,0.000375,3
159,0.00015922565307846526,0.00018574034322682564,0.000375,4
160,0.00015083642908090647,0.00017923191489899182,0.000375,5
161,0.00016240336177967643,0.00017223810129962658,0.000375,0
162,0.00016912863975449,0.00017970515966680978,0.000375,1
163,0.00016102969069227888,0.0001736486779009283,0.000375,2
164,0.00016983588163081245,0.00019292274623694539,0.000375,3
165,0.00017141659858073885,0.0001797352562107335,0.000375,4
166,0.0001663553551528215,0.00019058365080582007,0.000375,5
167,0.00017346070853818674,0.00020153941795797436,0.000375,6
168,0.00018212366315613812,0.00016449288136755058,0.000375,0
169,0.00014688038087721603,0.00016625139369352837,0.000375,1
170,0.0001677036607361515,0.0001592948500501734,0.000375,0
171,0.0001560124019306386,0.00015580113779378735,0.000375,0
172,0.00015523834917985369,0.00017900711441143358,0.000375,1
173,0.00016951561095387055,0.0002043901911292778,0.000375,2
174,0.00021538010817797235,0.00021719673600273381,0.000375,3
175,0.00020091469923499972,0.00017567046654676233,0.000375,4
176,0.00018173042129395375,0.0002603997987762341,0.000375,5
177,0.00029321752541970153,0.00029208352748355537,0.000375,6
178,0.00021039498642494436,0.00017959652632271172,0.000375,7
179,0.00025890158576657996,0.00017844449621406966,0.000375,8
180,0.00020269879920912595,0.00017218674724972516,0.000375,9
181,0.00023059933785892403,0.0002538891885706107,0.000375,10
182,0.00019282670533963633,0.00018572705823771685,0.0001875,11
183,0.0001447972063033376,0.00015922212662644597,0.0001875,12
184,0.0001317600763286464,0.00013978662980207446,0.0001875,0
185,0.00012932644373601457,0.00013856772329745581,0.0001875,0
186,0.00012700887903823363,0.00013915897386596043,0.0001875,1
187,0.00012290663289604709,0.00014697228857585287,0.0001875,2
188,0.00012922393943881616,0.00013943551152806322,0.0001875,3
189,0.00012797735659357082,0.00013804969523789623,0.0001875,0
190,0.00012739462302609658,0.00014559621592979965,0.0001875,1
191,0.00013504759408533573,0.00013778857430679636,0.0001875,0
192,0.00011960813026234973,0.00013280918119562557,0.0001875,0
193,0.00011961183948490846,0.00015146648547670338,0.0001875,1
194,0.00012782829192777476,0.00013282782776968816,0.0001875,2
195,0.00012026721105939941,0.00013449276445953728,0.0001875,3
196,0.000116987454930495,0.00013217561627243413,0.0001875,0
197,0.00011728561457857722,0.00014440967640894087,0.0001875,1
198,0.000124713697914558,0.00014217365412605432,0.0001875,2
199,0.00012547227349083792,0.0001372830528225677,0.0001875,3
200,0.00012736517298132335,0.00013879150981210842,0.0001875,4
201,0.000126368141839824,0.00013586627494532877,0.0001875,5
202,0.00012700515071628615,0.00013301913929808507,0.0001875,6
203,0.00012276010299198484,0.000131674231965917,0.0001875,0
204,0.00011833573565430318,0.0001278180366171,0.0001875,0
205,0.00011545561543850151,0.00013514127510916296,0.0001875,1
206,0.00012815268595052962,0.00013306005695312706,0.0001875,2
207,0.00011801754286958992,0.00013032071240104415,0.0001875,3
208,0.00011146426944227035,0.00013387592730396136,0.0001875,4
209,0.0001299052601098083,0.0001338305230547121,0.0001875,5
210,0.0001206432792362951,0.0001318409961186262,0.0001875,6
211,0.00012473284793183362,0.000140755013717353,0.0001875,7
212,0.00011429216525963663,0.00012159161349245551,0.0001875,0
213,0.0001093768344920439,0.00012670290232108528,0.0001875,1
214,0.00011615884795901366,0.00012145774337568582,0.0001875,0
215,0.00011591998918447644,0.00012255886355205803,0.0001875,1
216,0.00012183523570759765,0.00013490632500179345,0.0001875,2
217,0.0001164208548895355,0.0001240162831663838,0.0001875,3
218,0.00011450166463570592,0.00012027628781652311,0.0001875,0
219,0.00011552041784549753,0.00012022690839330608,0.0001875,0
220,0.0001107881225834717,0.00012194621996286514,0.0001875,1
221,0.0001118924374168273,0.00011837578972517804,0.0001875,0
222,0.00010541630338896842,0.00011788902503440113,0.0001875,0
223,0.00010670698763230273,0.00011810216392404982,0.0001875,1
224,0.00010739599474618444,0.00011797495903920208,0.0001875,2
225,0.000114317031147948,0.00012136227536529987,0.0001875,3
226,0.0001187127406107417,0.00011506873067901324,0.0001875,0
227,0.00011713938298877717,0.00011720407587745285,0.0001875,1
228,0.00010883665603008315,0.00012276145014311624,0.0001875,2
229,0.00010765634942799807,0.00011921690975214005,0.0001875,3
230,0.00012622439256423,0.00011315894721519726,0.0001875,0
231,0.00012089539874674908,0.00011967457191985886,0.0001875,1
232,0.00011753646898190102,0.00015251490799528256,0.0001875,2
233,0.00013180970654502744,0.00013046697370100446,0.0001875,3
234,0.00011189694062826068,0.00012775445225088333,0.0001875,4
235,0.00011490701611667949,0.00011373012694093632,0.0001875,5
236,0.00010849488186674232,0.0001130726307110308,0.0001875,0
237,0.00010216264066305787,0.00012652095301746158,0.0001875,1
238,0.00013152187087446995,0.00011827586013168911,0.0001875,2
239,0.00011148406156280544,0.00010983096871086673,0.0001875,0
240,0.00010894023459210682,0.00011535083280023173,0.0001875,1
241,0.00010115035790173958,0.00011001491475326475,0.0001875,2
242,0.0001030160128721036,0.00010666269008652307,0.0001875,0
243,0.00010496736831555609,0.00010878527245949954,0.0001875,1
244,9.886562293104362e-05,0.00015912323317479604,0.0001875,2
245,0.00011953549922812574,0.00011196581090189284,0.0001875,3
246,0.00010632172476713701,0.00012268587249764096,0.0001875,4
247,0.00010409269028362662,0.00011237089444193771,0.0001875,5
248,0.00011803955021605361,0.00012643093327824317,0.0001875,6
249,9.701878752821358e-05,0.00010485053837783198,0.0001875,0
250,0.00010070157319811794,0.00011001080429196008,0.0001875,1
251,9.840234421668963e-05,0.00010466684045695729,0.0001875,0
252,9.567800952936523e-05,0.00010607371689275169,0.0001875,1
253,9.837075776886195e-05,0.00010359392751979613,0.0001875,0
254,9.655455050960882e-05,0.00010634046805080288,0.0001875,1
255,9.431978044934415e-05,0.00010400491692053038,0.0001875,2
256,9.678262843711612e-05,0.00010940439011619674,0.0001875,3
257,9.48283301719736e-05,0.00010172365659855132,0.0001875,0
258,8.987461630264686e-05,0.00011192372846835497,0.0001875,1
259,9.645590004462672e-05,0.00010194862443313468,0.0001875,2
260,0.00010604434010019759,0.00012510179880109717,0.0001875,3
261,0.00011592157761697308,0.0001049686013061546,0.0001875,4
262,0.00010218373851481981,0.000110185891742276,0.0001875,5
263,0.0001244382243991519,0.0001142007946555168,0.0001875,6
264,0.00011447791681954793,0.00011892885788711283,0.0001875,7
265,0.00010458559063408757,0.00010427483073272015,0.0001875,8
266,8.866055092463891e-05,9.971688075438578e-05,0.0001875,0
267,9.092335403693141e-05,0.00010099310770783632,0.0001875,1
268,0.0001162130402008188,9.622438568612779e-05,0.0001875,0
269,9.562582696768611e-05,0.0001015171601466136,0.0001875,1
270,9.130293559186005e-05,0.00010012788311541954,0.0001875,2
271,0.00010571589579437084,0.00010134927742910804,0.0001875,3
272,0.00012566875405658115,0.0001379704484065769,0.0001875,4
273,0.00013031751132075442,0.00011593982634394706,0.0001875,5
274,0.00010127797941095196,9.971397548724781e-05,0.0001875,6
275,9.429051957946892e-05,9.59693686013452e-05,0.0001875,0
276,9.461265350788987e-05,0.00015961198005243205,0.0001875,1
277,0.00011873734395824916,0.00011727854996479437,0.0001875,2
278,9.607976380721084e-05,0.00012398134907698477,0.0001875,3
279,0.00010609344887294962,0.00010226987626538175,0.0001875,4
280,9.16887235386336e-05,9.745173224473547e-05,0.0001875,5
281,9.714894016118099e-05,0.00012436487594413848,0.0001875,6
282,0.00015015517449986268,0.00023255686460288416,0.0001875,7
283,0.00019428032707461776,0.00019014415966012166,0.0001875,8
284,0.00030124880837926565,0.0001682777154883297,0.0001875,9
285,0.0003147453432272111,0.0003555678126758721,0.0001875,10
286,0.0006853226538320693,0.0004488441988996783,9.375e-05,11
287,0.0003831688009086065,0.0001762088337500245,9.375e-05,12
288,0.0002824507746481686,0.00013053065310941747,9.375e-05,13
289,0.00013108330222166842,0.00011042235615832396,9.375e-05,14
290,0.00010271207641684062,9.569269502662792e-05,9.375e-05,0
291,9.51233553981486e-05,9.721761898617842e-05,9.375e-05,1
292,8.44795960498838e-05,9.134863989856967e-05,9.375e-05,0
293,8.085230471503262e-05,8.942680847212614e-05,9.375e-05,0
294,8.166100254432725e-05,9.459056923333264e-05,9.375e-05,1
295,8.749264149325124e-05,9.029350923128732e-05,9.375e-05,2
296,8.182955070878961e-05,8.709399628514802e-05,9.375e-05,0
297,7.855524563638028e-05,9.181399235558274e-05,9.375e-05,1
298,8.293156876485834e-05,8.759836009630817e-05,9.375e-05,2
299,8.218766803717396e-05,8.815257285732514e-05,9.375e-05,3
300,8.122087880716815e-05,8.971902173016133e-05,9.375e-05,4
301,8.50349695914095e-05,8.902666405674609e-05,9.375e-05,5
302,7.476591342007548e-05,8.947433576622643e-05,9.375e-05,6
303,7.905246002337663e-05,8.821809751680121e-05,9.375e-05,7
304,7.686180742894066e-05,8.721377713527545e-05,9.375e-05,8
305,8.191671016296216e-05,8.714613369420476e-05,9.375e-05,9
306,8.021978010219755e-05,0.00010753428267662457,9.375e-05,10
307,8.55040417870138e-05,9.990477013843702e-05,4.6875e-05,11
308,7.469875890819822e-05,8.647855315757624e-05,4.6875e-05,0
309,7.35362664272543e-05,8.491422312317809e-05,4.6875e-05,0
310,7.506517871055014e-05,8.476379099420228e-05,4.6875e-05,0
311,7.35568090325008e-05,8.451195259340238e-05,4.6875e-05,0
312,7.366701311184443e-05,8.764450569742621e-05,4.6875e-05,1
313,7.882370982770226e-05,8.775356036494486e-05,4.6875e-05,2
314,7.632030913858519e-05,8.827587464566022e-05,4.6875e-05,3
315,7.415632686994893e-05,8.6111756900209e-05,4.6875e-05,4
316,7.451970577676548e-05,8.40596973148422e-05,4.6875e-05,0
317,7.578355052828556e-05,8.52113745963834e-05,4.6875e-05,1
318,7.264980452722132e-05,8.402748568414609e-05,4.6875e-05,0
319,7.407571138173807e-05,8.361042938531682e-05,4.6875e-05,0
320,7.368257274720236e-05,8.400813794651185e-05,4.6875e-05,1
321,7.282513373259765e-05,8.402037741461754e-05,4.6875e-05,2
322,7.499198682126007e-05,8.373383104753884e-05,4.6875e-05,3
323,7.508221051466535e-05,8.516565281979638e-05,4.6875e-05,4
324,7.378485027705513e-05,8.370602233753743e-05,4.6875e-05,5
325,7.312096552899068e-05,8.42401523755143e-05,4.6875e-05,6
326,7.29371132971816e-05,8.380875965485757e-05,4.6875e-05,7
327,7.349593321729724e-05,8.847321595339963e-05,4.6875e-05,8
328,7.53160579733958e-05,8.485222980425533e-05,4.6875e-05,9
329,7.294125710662532e-05,8.298871097167648e-05,4.6875e-05,0
330,7.124906369426753e-05,8.323101843643599e-05,4.6875e-05,1
331,7.387966949560602e-05,9.109718729405358e-05,4.6875e-05,2
332,7.658690841102118e-05,8.498069860252144e-05,4.6875e-05,3
333,7.15974210834247e-05,8.243026837817524e-05,4.6875e-05,0
334,7.399409438827813e-05,8.789094039229894e-05,4.6875e-05,1
335,7.263184155211395e-05,8.255960568703813e-05,4.6875e-05,2
336,7.298625284117104e-05,8.268444855730195e-05,4.6875e-05,3
337,7.277069607880549e-05,8.298499034253837e-05,4.6875e-05,4
338,7.056921837526413e-05,8.271757002376035e-05,4.6875e-05,5
339,7.225231775009888e-05,8.247196967658965e-05,4.6875e-05,6
340,7.189731771480486e-05,8.214568009634604e-05,4.6875e-05,0
341,7.159090121907259e-05,8.203900176795287e-05,4.6875e-05,0
342,7.094605462043546e-05,8.222444290595377e-05,4.6875e-05,1
343,7.12869050403242e-05,8.259708050672998e-05,4.6875e-05,2
344,7.246290579132619e-05,8.161969191178287e-05,4.6875e-05,0
345,7.12448387882129e-05,8.71367538479717e-05,4.6875e-05,1
346,7.109735922009956e-05,8.279992840698469e-05,4.6875e-05,2
347,7.052555580836876e-05,8.137767633797921e-05,4.6875e-05,0
348,7.162873862398556e-05,8.732654356435887e-05,4.6875e-05,1
349,7.382269541267306e-05,8.242514547873725e-05,4.6875e-05,2
350,7.275960782256637e-05,8.093470324865848e-05,4.6875e-05,0
351,7.009777315640046e-05,8.327203812541484e-05,4.6875e-05,1
352,7.197484834856975e-05,8.135356250704717e-05,4.6875e-05,2
353,7.384082118733204e-05,8.286328795747977e-05,4.6875e-05,3
354,6.943461145662393e-05,8.486142741048752e-05,4.6875e-05,4
355,7.557189064755221e-05,8.57729366998683e-05,4.6875e-05,5
356,7.353479228792519e-05,8.062973347477964e-05,4.6875e-05,0
357,7.701250994311219e-05,0.0001098244870831877,4.6875e-05,1
358,7.866433649420894e-05,8.591842095029278e-05,4.6875e-05,2
359,7.729662532559207e-05,8.19471331396926e-05,4.6875e-05,3
360,7.287470558973534e-05,8.135683663113014e-05,4.6875e-05,4
361,7.129801724659046e-05,8.25360470457781e-05,4.6875e-05,5
362,7.472559703577038e-05,8.954614241929448e-05,4.6875e-05,6
363,7.499758188108292e-05,8.230778274764816e-05,4.6875e-05,7
364,7.581405255526381e-05,8.74321864898775e-05,4.6875e-05,8
365,7.27762162568979e-05,8.909534881240688e-05,4.6875e-05,9
366,7.949345202481102e-05,8.221343870218334e-05,4.6875e-05,10
367,7.823392631204722e-05,8.639174558311424e-05,2.34375e-05,11
368,7.138964156183647e-05,7.978453146506581e-05,2.34375e-05,0
369,7.282269931844591e-05,8.258430381147264e-05,2.34375e-05,1
370,6.957590479335825e-05,8.028140132410044e-05,2.34375e-05,2
371,6.950232515616032e-05,7.966344600163211e-05,2.34375e-05,0
372,6.964278600207763e-05,8.108113951266205e-05,2.34375e-05,1
373,6.979738782320055e-05,7.982889701452223e-05,2.34375e-05,2
374,6.823214926043875e-05,7.942783543057885e-05,2.34375e-05,0
375,6.875065719214035e-05,7.917251627986843e-05,2.34375e-05,0
376,6.764459021724178e-05,7.844570012593977e-05,2.34375e-05,0
377,6.782164276349552e-05,7.889233438618248e-05,2.34375e-05,1
378,6.776188032138937e-05,7.847005491612435e-05,2.34375e-05,2
379,6.811502680648118e-05,7.838046946062605e-05,2.34375e-05,0
380,6.7696568142613e-05,7.862575330364052e-05,2.34375e-05,1
381,6.735908876483639e-05,8.128711414201462e-05,2.34375e-05,2
382,7.201797598099802e-05,8.401257764489856e-05,2.34375e-05,3
383,6.820200072373457e-05,8.016503431917954e-05,2.34375e-05,4
384,6.950407593346124e-05,7.810983123590631e-05,2.34375e-05,0
385,6.820272089195593e-05,7.894390836327148e-05,2.34375e-05,1
386,6.918286696115199e-05,7.927066104684855e-05,2.34375e-05,2
387,7.224400102738097e-05,7.903401058229065e-05,2.34375e-05,3
388,6.862308661463128e-05,7.942066827126837e-05,2.34375e-05,4
389,6.905608127757053e-05,8.09394055067969e-05,2.34375e-05,5
390,7.042099681105658e-05,7.780192049722245e-05,2.34375e-05,0
391,6.728783455400844e-05,7.776756268640383e-05,2.34375e-05,0
392,6.819548464894372e-05,7.843775841820388e-05,2.34375e-05,1
393,6.795308930425865e-05,7.7428579345451e-05,2.34375e-05,0
394,6.759194593541906e-05,7.7727432710617e-05,2.34375e-05,1
395,6.71515100899948e-05,7.976311638913103e-05,2.34375e-05,2
396,6.762776471684144e-05,7.885257133466439e-05,2.34375e-05,3
397,6.799202143762766e-05,7.786234363038602e-05,2.34375e-05,4
398,6.857443683353874e-05,7.750749028900827e-05,2.34375e-05,5
399,6.71953744131315e-05,7.917150287539698e-05,2.34375e-05,6
400,6.841024742243462e-05,7.834844575427269e-05,2.34375e-05,7
401,6.694503796704036e-05,7.776150494009926e-05,2.34375e-05,8
402,6.823484333532785e-05,7.697695559727435e-05,2.34375e-05,0
403,6.73700754608338e-05,7.804255085375189e-05,2.34375e-05,1
404,6.719205127107368e-05,7.688563084684574e-05,2.34375e-05,0
405,6.696482538851949e-05,7.843102923743572e-05,2.34375e-05,1
406,7.011505931586726e-05,8.386180559227796e-05,2.34375e-05,2
407,7.084926558794298e-05,7.883848655865222e-05,2.34375e-05,3
408,6.74380197172771e-05,7.69133230846819e-05,2.34375e-05,4
409,6.80906190003346e-05,7.65980008736733e-05,2.34375e-05,0
410,6.648260856915537e-05,7.700467961058166e-05,2.34375e-05,1
411,6.715772572836916e-05,7.771896360964092e-05,2.34375e-05,2
412,6.786334931045228e-05,7.716557360026854e-05,2.34375e-05,3
413,6.635059222996158e-05,7.656186204485493e-05,2.34375e-05,0
414,6.678866733030493e-05,7.65963625326549e-05,2.34375e-05,1
415,6.727349227730883e-05,7.819991503765777e-05,2.34375e-05,2
416,6.904873665310636e-05,8.383879156781404e-05,2.34375e-05,3
417,6.835100157331908e-05,7.658825376211098e-05,2.34375e-05,4
418,6.718506059163094e-05,7.903324728886219e-05,2.34375e-05,5
419,6.63083596919023e-05,7.630257408663965e-05,2.34375e-05,0
420,6.640722434288666e-05,7.769436092530668e-05,2.34375e-05,1
421,6.665746226038512e-05,7.593637269565079e-05,2.34375e-05,0
422,6.788575349977084e-05,7.571938550654522e-05,2.34375e-05,0
423,6.640711520352245e-05,7.746531724706074e-05,2.34375e-05,1
424,6.745161014502325e-05,7.713227853400895e-05,2.34375e-05,2
425,6.915915446370491e-05,8.151504533771003e-05,2.34375e-05,3
426,7.261426117111114e-05,8.782232413295787e-05,2.34375e-05,4
427,7.52333905135553e-05,8.80265503155897e-05,2.34375e-05,5
428,7.263833716327402e-05,7.690518310710104e-05,2.34375e-05,6
429,6.825029019334276e-05,8.149395068812737e-05,2.34375e-05,7
430,6.723544644652672e-05,7.684427879439681e-05,2.34375e-05,8
431,6.829820661854076e-05,7.738452234207216e-05,2.34375e-05,9
432,6.578359580089455e-05,7.576355966421033e-05,2.34375e-05,10
433,6.614588407198123e-05,7.714395212587988e-05,1.171875e-05,11
434,6.613872907716238e-05,7.524679801917955e-05,1.171875e-05,0
435,6.487795781140449e-05,7.525197054292221e-05,1.171875e-05,1
436,6.559659899115407e-05,7.497013586998946e-05,1.171875e-05,0
437,6.470156889311814e-05,7.539687140933893e-05,1.171875e-05,1
438,6.456343726313207e-05,7.47835586025758e-05,1.171875e-05,0
439,6.534400972668664e-05,7.578052907319943e-05,1.171875e-05,1
440,6.418487919290783e-05,7.551962926299893e-05,1.171875e-05,2
441,6.697900244034827e-05,7.65456529165931e-05,1.171875e-05,3
442,6.58173277467237e-05,7.486688161861821e-05,1.171875e-05,4
443,6.642991653886081e-05,7.509625271495679e-05,1.171875e-05,5
444,6.413094843082945e-05,7.490515457675428e-05,1.171875e-05,6
445,6.455905531765893e-05,7.487767373959286e-05,1.171875e-05,7
446,6.634712114343226e-05,7.514634853578173e-05,1.171875e-05,8
447,6.562904733679413e-05,7.509946232175935e-05,1.171875e-05,9
448,6.41706806163711e-05,7.485747278224153e-05,1.171875e-05,10
449,6.417482457739727e-05,7.452184939893414e-05,1.171875e-05,0
450,6.443031058248987e-05,7.45013542768902e-05,1.171875e-05,0
451,6.371930279177225e-05,7.483900986926528e-05,1.171875e-05,1
452,6.410444742262673e-05,7.4896317130424e-05,1.171875e-05,2
453,6.417987757837788e-05,7.46818889183487e-05,1.171875e-05,3
454,6.466462188351822e-05,7.4315851350093e-05,1.171875e-05,0
455,6.558633610135682e-05,7.554911502438699e-05,1.171875e-05,1
456,6.46184742739327e-05,7.666070274581216e-05,1.171875e-05,2
457,6.506329570280893e-05,7.62005690830847e-05,1.171875e-05,3
458,6.39311889851039e-05,7.638205238436058e-05,1.171875e-05,4
459,6.523927595480927e-05,7.538973693499429e-05,1.171875e-05,5
460,6.325202381655497e-05,7.4681898865947e-05,1.171875e-05,6
461,6.419061446649721e-05,7.539740187212374e-05,1.171875e-05,7
462,6.506087538582506e-05,7.483016554488131e-05,1.171875e-05,8
463,6.66162344108064e-05,8.104655154284046e-05,1.171875e-05,9
464,6.714546634611906e-05,7.957614650422329e-05,1.171875e-05,10
465,6.683168461070939e-05,7.733907835927312e-05,5.859375e-06,11
466,6.359007102219039e-05,7.426280888012116e-05,5.859375e-06,0
467,6.384132681584258e-05,7.388841760302967e-05,5.859375e-06,0
468,6.342361969776296e-05,7.381257836414079e-05,5.859375e-06,0
469,6.328623961356546e-05,7.396826498506925e-05,5.859375e-06,1
470,6.326455028708249e-05,7.399023883181144e-05,5.859375e-06,2
471,6.315733874847258e-05,7.375644702278805e-05,5.859375e-06,0
472,6.329189621586313e-05,7.400061753060072e-05,5.859375e-06,1
473,6.302125636163207e-05,7.386396868014344e-05,5.859375e-06,2
474,6.370972914737649e-05,7.38033949119199e-05,5.859375e-06,3
475,6.320185942361907e-05,7.373958845846573e-05,5.859375e-06,0
476,6.283753403598287e-05,7.369048387317889e-05,5.859375e-06,0
477,6.339517449305276e-05,7.380751276286901e-05,5.859375e-06,1
478,6.305868813190803e-05,7.380938211554167e-05,5.859375e-06,2
479,6.316884203746061e-05,7.367870153984768e-05,5.859375e-06,0
480,6.319551812339341e-05,7.363925072922939e-05,5.859375e-06,0
481,6.286269126576371e-05,7.374746701316326e-05,5.859375e-06,1
482,6.327710404245106e-05,7.357506950711468e-05,5.859375e-06,0
483,6.393346878515634e-05,7.410849423195032e-05,5.859375e-06,1
484,6.338012326523312e-05,7.406764603956617e-05,5.859375e-06,2
485,6.406326095505695e-05,7.369633891585181e-05,5.859375e-06,3
486,6.289833102831228e-05,7.339442566944854e-05,5.859375e-06,0
487,6.281427855962345e-05,7.334516669743607e-05,5.859375e-06,0
488,6.253710535020218e-05,7.345744063513848e-05,5.859375e-06,1
489,6.336197975542746e-05,7.339708247400267e-05,5.859375e-06,2
490,6.310133797645297e-05,7.361724510701606e-05,5.859375e-06,3
491,6.315383294956216e-05,7.345371824385438e-05,5.859375e-06,4
492,6.290300037411119e-05,7.348389249273168e-05,5.859375e-06,5
493,6.349910169471211e-05,7.346790943074666e-05,5.859375e-06,6
494,6.301795231896297e-05,7.33546028186538e-05,5.859375e-06,7
495,6.314741343279214e-05,7.351470117100689e-05,5.859375e-06,8
496,6.262019648299126e-05,7.332290090289462e-05,5.859375e-06,0
497,6.277712373048416e-05,7.330528904958555e-05,5.859375e-06,0
498,6.377701841605206e-05,7.320650701103659e-05,5.859375e-06,0
499,6.335347507047118e-05,7.34363597985066e-05,5.859375e-06,1
500,6.343534611611783e-05,7.348754479608033e-05,5.859375e-06,2
501,6.24998184927487e-05,7.3209760159898e-05,5.859375e-06,3
502,6.27886873492874e-05,7.305662853696049e-05,5.859375e-06,0
503,6.291437724333566e-05,7.302792221253185e-05,5.859375e-06,0
504,6.400364054570673e-05,7.358200639373536e-05,5.859375e-06,1
505,6.352172992289222e-05,7.329485390528134e-05,5.859375e-06,2
506,6.297383212465017e-05,7.319912106140691e-05,5.859375e-06,3
507,6.243896132218651e-05,7.319716615938887e-05,5.859375e-06,4
508,6.311665174507652e-05,7.323492957311828e-05,5.859375e-06,5
509,6.377048975991784e-05,7.324049818180356e-05,5.859375e-06,6
510,6.276033961209275e-05,7.308158120622466e-05,5.859375e-06,7
511,6.267338221732643e-05,7.292508195178016e-05,5.859375e-06,0
512,6.270042028215055e-05,7.29939199572982e-05,5.859375e-06,1
513,6.240915035959915e-05,7.299485548628581e-05,5.859375e-06,2
514,6.271562854938868e-05,7.326147363073687e-05,5.859375e-06,3
515,6.275397890931345e-05,7.304131605678776e-05,5.859375e-06,4
516,6.321335498190213e-05,7.284133511120672e-05,5.859375e-06,0
517,6.248546378628816e-05,7.28229464357355e-05,5.859375e-06,0
518,6.272075476469278e-05,7.324336422698252e-05,5.859375e-06,1
519,6.283289470350913e-05,7.320940812860499e-05,5.859375e-06,2
520,6.327264372885111e-05,7.306275301743881e-05,5.859375e-06,3
521,6.352154226381875e-05,7.262119692086344e-05,5.859375e-06,0
522,6.324821424641414e-05,7.274659827771757e-05,5.859375e-06,1
523,6.282161666604225e-05,7.268408705840557e-05,5.859375e-06,2
524,6.307530156846042e-05,7.331591314141406e-05,5.859375e-06,3
525,6.269548748605303e-05,7.269395302955672e-05,5.859375e-06,4
526,6.250582555367146e-05,7.251394828244884e-05,5.859375e-06,0
527,6.19861104193357e-05,7.275738346379512e-05,5.859375e-06,1
528,6.214842142071575e-05,7.245446715842263e-05,5.859375e-06,0
529,6.303941775816686e-05,7.292308828255045e-05,5.859375e-06,1
530,6.324717560346471e-05,7.329119017640551e-05,5.859375e-06,2
531,6.265744438375502e-05,7.29626522684157e-05,5.859375e-06,3
532,6.345327695574572e-05,7.306015584163106e-05,5.859375e-06,4
533,6.261385351535864e-05,7.248438805618207e-05,5.859375e-06,5
534,6.232036290991043e-05,7.242851432920361e-05,5.859375e-06,0
535,6.236060016817646e-05,7.25311879250512e-05,5.859375e-06,1
536,6.190036750316115e-05,7.290751062782874e-05,5.859375e-06,2
537,6.22380697071397e-05,7.235438397401595e-05,5.859375e-06,0
538,6.220524710442987e-05,7.271879655945668e-05,5.859375e-06,1
539,6.322025668244653e-05,7.319037013076013e-05,5.859375e-06,2
540,6.4109862857246e-05,7.216391827569169e-05,5.859375e-06,0
541,6.26887306983311e-05,7.235067118926963e-05,5.859375e-06,1
542,6.198182290972909e-05,7.244614891988022e-05,5.859375e-06,2
543,6.17218236887614e-05,7.22790854865707e-05,5.859375e-06,3
544,6.166985500991966e-05,7.255472439737787e-05,5.859375e-06,4
545,6.221005408709364e-05,7.28109203009808e-05,5.859375e-06,5
546,6.27672158467855e-05,7.21825227287809e-05,5.859375e-06,6
547,6.251378211648746e-05,7.19918881486592e-05,5.859375e-06,0
548,6.191274724187679e-05,7.218173368528369e-05,5.859375e-06,1
549,6.199099289005972e-05,7.225514167430447e-05,5.859375e-06,2
550,6.190019363809067e-05,7.22984578374053e-05,5.859375e-06,3
551,6.209958185839544e-05,7.192156027713281e-05,5.859375e-06,0
552,6.209426616502849e-05,7.190538627810383e-05,5.859375e-06,0
553,6.159188296805951e-05,7.196493100991574e-05,5.859375e-06,1
554,6.240505490495707e-05,7.205300522628022e-05,5.859375e-06,2
555,6.236501803869032e-05,7.185053971170419e-05,5.859375e-06,0
556,6.168468098621815e-05,7.198368143690459e-05,5.859375e-06,1
557,6.24544253090183e-05,7.218849140144812e-05,5.859375e-06,2
558,6.342237429635134e-05,7.230109935107976e-05,5.859375e-06,3
559,6.305345474781159e-05,7.163019671452275e-05,5.859375e-06,0
560,6.243575323120847e-05,7.206990841268635e-05,5.859375e-06,1
561,6.172269028562975e-05,7.2616284853666e-05,5.859375e-06,2
562,6.218465523488703e-05,7.18059500286472e-05,5.859375e-06,3
563,6.182276395823767e-05,7.194304191671108e-05,5.859375e-06,4
564,6.137677155493293e-05,7.16530254862846e-05,5.859375e-06,5
565,6.2019817505643e-05,7.158142273056001e-05,5.859375e-06,0
566,6.219775544498891e-05,7.219287596171853e-05,5.859375e-06,1
567,6.302478550423984e-05,7.320635205587678e-05,5.859375e-06,2
568,6.192073472751265e-05,7.457899585006089e-05,5.859375e-06,3
569,6.478374325524783e-05,7.36510906449439e-05,5.859375e-06,4
570,6.15322960584308e-05,7.255863994259926e-05,5.859375e-06,5
571,6.149093921218689e-05,7.226329785225971e-05,5.859375e-06,6
572,6.226372912957838e-05,7.155941801784138e-05,5.859375e-06,0
573,6.182635691705703e-05,7.136141965702336e-05,5.859375e-06,0
574,6.259706833589007e-05,7.146911195832217e-05,5.859375e-06,1
575,6.284094479269697e-05,7.189170992205618e-05,5.859375e-06,2
576,6.121391470514936e-05,7.16567068934637e-05,5.859375e-06,3
577,6.173394058350823e-05,7.129604705369275e-05,5.859375e-06,0
578,6.091883521245715e-05,7.125551144326892e-05,5.859375e-06,0
579,6.193547445339694e-05,7.127012901264607e-05,5.859375e-06,1
580,6.105083048169035e-05,7.132846985768992e-05,5.859375e-06,2
581,6.214953828020953e-05,7.305166445803479e-05,5.859375e-06,3
582,6.344396145626281e-05,7.288513842240718e-05,5.859375e-06,4
583,6.31145624841641e-05,7.105922583150459e-05,5.859375e-06,0
584,6.166072626001551e-05,7.131309604346825e-05,5.859375e-06,1
585,6.133827461477874e-05,7.180088141467422e-05,5.859375e-06,2
586,6.220025579750654e-05,7.205061075410413e-05,5.859375e-06,3
587,6.15163627723329e-05,7.090881189242282e-05,5.859375e-06,0
588,6.070237986932625e-05,7.132498279815991e-05,5.859375e-06,1
589,6.181262688187417e-05,7.152091995976662e-05,5.859375e-06,2
590,6.205542589062436e-05,7.28547713606531e-05,5.859375e-06,3
591,6.288093739688823e-05,7.268403129501166e-05,5.859375e-06,4
592,6.22276559928044e-05,7.087383380621759e-05,5.859375e-06,0
593,6.225410379556706e-05,7.18880864383209e-05,5.859375e-06,1
594,6.184748341790207e-05,7.145712459077913e-05,5.859375e-06,2
595,6.133500816455732e-05,7.072887359527158e-05,5.859375e-06,0
596,6.079491261819688e-05,7.073100039178826e-05,5.859375e-06,1
597,6.0747196130250813e-05,7.079753288508073e-05,5.859375e-06,2
598,6.086904083228243e-05,7.077866331428595e-05,5.859375e-06,3
599,6.0700555877701845e-05,7.05537133285361e-05,5.859375e-06,0
600,6.066090706250785e-05,7.062452397121888e-05,5.859375e-06,1
601,6.0930678500881186e-05,7.104839403382357e-05,5.859375e-06,2
602,6.0867594053585585e-05,7.308661150773332e-05,5.859375e-06,3
603,6.216412869738026e-05,7.040399009383691e-05,5.859375e-06,0
604,6.091829027354834e-05,7.056552948370154e-05,5.859375e-06,1
605,6.105517741161748e-05,7.082224050236618e-05,5.859375e-06,2
606,6.081760344992896e-05,7.067035267027677e-05,5.859375e-06,3
607,6.178221125689258e-05,7.040157919391277e-05,5.859375e-06,4
608,6.119853499815993e-05,7.155511667633618e-05,5.859375e-06,5
609,6.240524089662358e-05,7.043155096653209e-05,5.859375e-06,6
610,6.140627177349718e-05,7.015125976295167e-05,5.859375e-06,0
611,6.112580907332206e-05,7.032358433889385e-05,5.859375e-06,1
612,6.0414383218206545e-05,7.130372881647418e-05,5.859375e-06,2
613,6.372599970442631e-05,7.359091108583016e-05,5.859375e-06,3
614,6.187671109122068e-05,7.734727438446498e-05,5.859375e-06,4
615,6.21337779496874e-05,7.157862472695342e-05,5.859375e-06,5
616,6.24231744647356e-05,7.110447825198207e-05,5.859375e-06,6
617,6.234354934046375e-05,7.153712476792862e-05,5.859375e-06,7
618,6.341862399494858e-05,7.454054900790652e-05,5.859375e-06,8
619,6.165252549787208e-05,7.273694825471466e-05,5.859375e-06,9
620,6.102667703089537e-05,7.05493067698626e-05,5.859375e-06,10
621,6.10678316661506e-05,6.978894703024707e-05,5.859375e-06,0
622,6.23249167498822e-05,7.022949620250074e-05,5.859375e-06,1
623,5.99768322899763e-05,7.002923547361206e-05,5.859375e-06,2
624,6.006992149802196e-05,6.988147430320168e-05,5.859375e-06,3
625,6.096941145491049e-05,6.969090406983014e-05,5.859375e-06,0
626,6.17129162492347e-05,7.444945850920703e-05,5.859375e-06,1
627,6.363387547025923e-05,7.22904030681093e-05,5.859375e-06,2
628,6.087408701205277e-05,6.96897581065059e-05,5.859375e-06,3
629,6.0610864693444455e-05,6.962393763387809e-05,5.859375e-06,0
630,6.201266493614337e-05,6.9836136901813e-05,5.859375e-06,1
631,6.353506402471491e-05,7.381440570952691e-05,5.859375e-06,2
632,6.095831986385747e-05,6.978366758403354e-05,5.859375e-06,3
633,6.174350437504472e-05,6.95497333822459e-05,5.859375e-06,0
634,6.152237604813611e-05,7.353574181934164e-05,5.859375e-06,1
635,6.126027922922124e-05,7.000228055176194e-05,5.859375e-06,2
636,5.977476970050096e-05,7.004881990724243e-05,5.859375e-06,3
637,6.023066907800967e-05,6.963846084317993e-05,5.859375e-06,4
638,6.149425917101325e-05,7.095975075799288e-05,5.859375e-06,5
639,6.23500804977084e-05,6.942804236587108e-05,5.859375e-06,0
640,6.029208498148364e-05,7.078431792706397e-05,5.859375e-06,1
641,6.29030543374635e-05,7.254429772274307e-05,5.859375e-06,2
642,6.188332766517608e-05,6.958126226663808e-05,5.859375e-06,3
643,6.203187020522212e-05,7.330149458084634e-05,5.859375e-06,4
644,6.105656014672907e-05,6.90244229417658e-05,5.859375e-06,0
645,6.0171098084538244e-05,6.949855060156551e-05,5.859375e-06,1
646,6.016162099816332e-05,6.919123126181148e-05,5.859375e-06,2
647,6.156324464730763e-05,7.600232311233412e-05,5.859375e-06,3
648,6.459715298963904e-05,6.987422023030376e-05,5.859375e-06,4
649,6.318756929128237e-05,7.392661865424088e-05,5.859375e-06,5
650,6.16422803432215e-05,7.20443027262263e-05,5.859375e-06,6
651,6.101444963254229e-05,6.901105632550752e-05,5.859375e-06,0
652,6.0773673491591275e-05,7.384184584680042e-05,5.859375e-06,1
653,6.7034888464453e-05,6.88071523313738e-05,5.859375e-06,0
654,6.0603952836875884e-05,6.991814228740623e-05,5.859375e-06,1
655,5.904055296923616e-05,6.979545207741467e-05,5.859375e-06,2
656,6.178195159615522e-05,6.939419029095006e-05,5.859375e-06,3
657,5.977646302805321e-05,7.027621921906757e-05,5.859375e-06,4
658,5.9102361926003745e-05,6.95072931193863e-05,5.859375e-06,5
659,6.000945055954313e-05,6.848813404758403e-05,5.859375e-06,0
660,5.928110294917133e-05,6.83231428979525e-05,5.859375e-06,0
661,5.965707032373757e-05,6.87686876403859e-05,5.859375e-06,1
662,6.130577685325989e-05,7.089010858862821e-05,5.859375e-06,2
663,6.192049810730775e-05,7.243460720474104e-05,5.859375e-06,3
664,6.290120578948215e-05,8.022399163110094e-05,5.859375e-06,4
665,6.625980722674285e-05,7.010457386513735e-05,5.859375e-06,5
666,5.931383248025668e-05,7.190027059778004e-05,5.859375e-06,6
667,6.320720437239895e-05,6.91664479290921e-05,5.859375e-06,7
668,6.026140560303853e-05,6.881661465740763e-05,5.859375e-06,8
669,5.938525585709916e-05,7.190714859461877e-05,5.859375e-06,9
670,6.0740141937761415e-05,6.907925018140304e-05,5.859375e-06,10
671,5.944105184122842e-05,6.810038195226298e-05,5.859375e-06,0
672,6.0726337627177905e-05,6.797883833087326e-05,5.859375e-06,0
673,5.9242888710286934e-05,6.862789956585402e-05,5.859375e-06,1
674,5.9486160504699605e-05,6.826351204836101e-05,5.859375e-06,2
675,5.9033005679035945e-05,6.879320983443904e-05,5.859375e-06,3
676,5.920228310666668e-05,6.890987100405255e-05,5.859375e-06,4
677,5.954881771685905e-05,6.81065513390422e-05,5.859375e-06,5
678,5.989395170521069e-05,6.7779527626044e-05,5.859375e-06,0
679,6.066297009965638e-05,6.762976317986613e-05,5.859375e-06,0
680,6.222778119990835e-05,6.961366932500823e-05,5.859375e-06,1
681,6.141149045409595e-05,7.280829481715045e-05,5.859375e-06,2
682,5.9570996124117905e-05,7.151119706350073e-05,5.859375e-06,3
683,6.2157958533741e-05,7.29367049530083e-05,5.859375e-06,4
684,6.34389756063077e-05,6.791778167780649e-05,5.859375e-06,5
685,5.878399103191138e-05,6.952573835405929e-05,5.859375e-06,6
686,5.9960300253199726e-05,7.008200600466807e-05,5.859375e-06,7
687,5.9772634055358744e-05,6.794609646476601e-05,5.859375e-06,8
688,5.916619314424073e-05,6.96139913998195e-05,5.859375e-06,9
689,5.916595212814476e-05,6.891373755024688e-05,5.859375e-06,10
690,5.9238788556588894e-05,6.711540726200838e-05,5.859375e-06,0
691,5.8400978862967655e-05,6.915529604611947e-05,5.859375e-06,1
692,6.0100832646033574e-05,7.388812724684612e-05,5.859375e-06,2
693,6.494515294737842e-05,7.885764381398985e-05,5.859375e-06,3
694,6.371787412717822e-05,7.569904494175717e-05,5.859375e-06,4
695,6.184893178821464e-05,6.919124189153081e-05,5.859375e-06,5
696,5.893201038513022e-05,6.688575541602404e-05,5.859375e-06,0
697,5.8489206063920086e-05,6.908040353437173e-05,5.859375e-06,1
698,5.833528196793244e-05,6.733359452937293e-05,5.859375e-06,2
699,5.812002306508172e-05,6.84534133483794e-05,5.859375e-06,3
700,5.86101749225539e-05,6.678752185962367e-05,5.859375e-06,0
701,5.7733503581403056e-05,6.661207675051628e-05,5.859375e-06,0
702,5.805451928608818e-05,6.835179414110826e-05,5.859375e-06,1
703,6.093022921049851e-05,6.90481713832014e-05,5.859375e-06,2
704,6.188353124040684e-05,6.69137650106677e-05,5.859375e-06,3
705,5.904569100797138e-05,7.306272101459399e-05,5.859375e-06,4
706,6.374900961721626e-05,7.807636268353235e-05,5.859375e-06,5
707,6.340410861109073e-05,6.774370081075176e-05,5.859375e-06,6
708,6.0488366064722264e-05,6.654515675563744e-05,5.859375e-06,0
709,5.7702789338994385e-05,6.672397250895301e-05,5.859375e-06,1
710,5.723100881975066e-05,6.881887640020068e-05,5.859375e-06,2
711,6.0181138602880914e-05,6.666728984328074e-05,5.859375e-06,3
712,5.930788514281934e-05,6.66631034960119e-05,5.859375e-06,4
713,6.0033138500633264e-05,7.182752921153224e-05,5.859375e-06,5
714,6.046095389441083e-05,6.991500231379177e-05,5.859375e-06,6
715,5.871216565841072e-05,6.624897912388406e-05,5.859375e-06,0
716,5.9346842287292624e-05,6.667225585488268e-05,5.859375e-06,1
717,5.8202303534926614e-05,6.596315273554865e-05,5.859375e-06,0
718,5.7428257453769525e-05,7.201194875960937e-05,5.859375e-06,1
719,6.193403957392245e-05,7.004066299032274e-05,5.859375e-06,2
720,6.073457522385676e-05,6.703752274006547e-05,5.859375e-06,3
721,5.809320449164564e-05,6.831618310343401e-05,5.859375e-06,4
722,5.974535391336152e-05,7.00762074643535e-05,5.859375e-06,5
723,6.109313593090822e-05,6.692284483733602e-05,5.859375e-06,6
724,5.83150783010448e-05,6.808935222579748e-05,5.859375e-06,7
725,5.955079268460395e-05,6.636459465880762e-05,5.859375e-06,8
726,5.742135939120393e-05,6.621122537353585e-05,5.859375e-06,9
727,5.801046639438331e-05,6.592330538524038e-05,5.859375e-06,0
728,5.662628306405774e-05,6.634372903135954e-05,5.859375e-06,1
729,6.0640878776515215e-05,6.847087718142575e-05,5.859375e-06,2
730,5.6806354677974014e-05,6.529870677240979e-05,5.859375e-06,0
731,5.6839022818166995e-05,6.65558976606917e-05,5.859375e-06,1
732,5.6407278710442675e-05,6.708799207899574e-05,5.859375e-06,2
733,5.778573783269773e-05,6.61846630691798e-05,5.859375e-06,3
734,5.759401544006929e-05,6.542289446542782e-05,5.859375e-06,4
735,6.404608484444907e-05,8.214049921662081e-05,5.859375e-06,5
736,6.403076122296625e-05,6.860390828933305e-05,5.859375e-06,6
737,5.791922717435227e-05,6.572522920578194e-05,5.859375e-06,7
738,5.8951912857689116e-05,6.505054494709839e-05,5.859375e-06,0
739,5.831497840821006e-05,7.114890718185052e-05,5.859375e-06,1
740,6.28202069492545e-05,6.92915234026259e-05,5.859375e-06,2
741,6.0212442501021236e-05,8.754930831855745e-05,5.859375e-06,3
742,7.065204423876519e-05,8.650867727055811e-05,5.859375e-06,4
743,6.790443088296645e-05,7.173606826427203e-05,5.859375e-06,5
744,6.28298922341249e-05,6.87857353796062e-05,5.859375e-06,6
745,5.7128532110558204e-05,6.456405657218056e-05,5.859375e-06,0
746,5.956902077741688e-05,6.563237110412956e-05,5.859375e-06,1
747,5.8951729746089164e-05,6.493201959756334e-05,5.859375e-06,2
748,5.7201072346894456e-05,6.696029657859981e-05,5.859375e-06,3
749,5.788577921824375e-05,6.48750681762067e-05,5.859375e-06,4
750,5.845980998249919e-05,6.60369569800423e-05,5.859375e-06,5
751,5.820712029465843e-05,7.120150246464618e-05,5.859375e-06,6
752,5.9733665087454334e-05,7.277810681216579e-05,5.859375e-06,7
753,6.0305553082192397e-05,6.446878524002386e-05,5.859375e-06,0
754,5.68315367672767e-05,6.457340134602418e-05,5.859375e-06,1
755,5.6859470532799605e-05,6.456244949504253e-05,5.859375e-06,2
756,5.6399262120976346e-05,6.749804867922649e-05,5.859375e-06,3
757,5.5935412243949635e-05,6.585314980611656e-05,5.859375e-06,4
758,5.64326215529339e-05,6.535875468216545e-05,5.859375e-06,5
759,5.679101165393755e-05,6.457696400730129e-05,5.859375e-06,6
760,5.6361476860426286e-05,6.413227902157814e-05,5.859375e-06,0
761,5.560188355957507e-05,6.443243773901486e-05,5.859375e-06,1
762,5.50246275755247e-05,6.72509480637018e-05,5.859375e-06,2
763,6.025492924284966e-05,6.986908755379773e-05,5.859375e-06,3
764,5.998356649191313e-05,6.656421487605257e-05,5.859375e-06,4
765,5.8236463094848055e-05,6.466064451160491e-05,5.859375e-06,5
766,5.708275193683221e-05,6.815327446929587e-05,5.859375e-06,6
767,5.907750361681489e-05,6.684892463226788e-05,5.859375e-06,7
768,5.566573023922198e-05,6.365506919792097e-05,5.859375e-06,0
769,5.661210646697631e-05,6.940514361986061e-05,5.859375e-06,1
770,5.626004379640411e-05,7.014392110704648e-05,5.859375e-06,2
771,5.973646754379539e-05,6.569017375568365e-05,5.859375e-06,3
772,6.022758528464086e-05,6.521872910525417e-05,5.859375e-06,4
773,5.750141781390994e-05,7.040515743028664e-05,5.859375e-06,5
774,6.0804590854483344e-05,6.427176430179316e-05,5.859375e-06,6
775,5.657847729404845e-05,6.383888847949493e-05,5.859375e-06,7
776,5.6392702087274906e-05,6.416459950742137e-05,5.859375e-06,8
777,5.656011156437065e-05,6.301520971874197e-05,5.859375e-06,0
778,5.6664271899838546e-05,6.664353549012958e-05,5.859375e-06,1
779,5.9286447746368744e-05,6.427998084745923e-05,5.859375e-06,2
780,5.7586049630723814e-05,6.354655835139056e-05,5.859375e-06,3
781,5.6946277103027874e-05,6.379264573297405e-05,5.859375e-06,4
782,5.620717608204965e-05,6.536407113344467e-05,5.859375e-06,5
783,5.778583332964141e-05,6.478634520590276e-05,5.859375e-06,6
784,5.6745806280863086e-05,6.504186745814877e-05,5.859375e-06,7
785,5.786185950758712e-05,7.470298572798129e-05,5.859375e-06,8
786,6.21175637813091e-05,6.627551653082264e-05,5.859375e-06,9
787,6.377315745946059e-05,6.95818379767843e-05,5.859375e-06,10
788,6.478993130561624e-05,6.72337499167952e-05,2.9296875e-06,11
789,5.783440004355119e-05,6.943622906874225e-05,2.9296875e-06,12
790,5.716685852045581e-05,6.252133567841156e-05,2.9296875e-06,0
791,5.544914029087522e-05,6.265494545232286e-05,2.9296875e-06,1
792,5.4155685726679316e-05,6.315689824987203e-05,2.9296875e-06,2
793,5.3965823250716007e-05,6.526944662255119e-05,2.9296875e-06,3
794,5.537454838607422e-05,6.28399466791052e-05,2.9296875e-06,4
795,5.383247753343312e-05,6.231274397805464e-05,2.9296875e-06,0
796,5.500363749888493e-05,6.231225262354201e-05,2.9296875e-06,1
797,5.542807336193315e-05,6.229757451592377e-05,2.9296875e-06,0
798,5.484110586924847e-05,6.269152584081894e-05,2.9296875e-06,1
799,5.3867343164408034e-05,6.273772652320986e-05,2.9296875e-06,2
800,5.400700774771394e-05,6.295429437841449e-05,2.9296875e-06,3
801,5.419553099272889e-05,6.525075269792069e-05,2.9296875e-06,4
802,5.585958039470521e-05,6.238336118258303e-05,2.9296875e-06,5
803,5.517100165282803e-05,6.65268849502354e-05,2.9296875e-06,6
804,5.583622426759879e-05,6.36586244127102e-05,2.9296875e-06,7
805,5.463666487533677e-05,6.487968647661546e-05,2.9296875e-06,8
806,5.740037568102707e-05,6.270237088301656e-05,2.9296875e-06,9
807,5.64947840757668e-05,6.623696424412628e-05,2.9296875e-06,10
808,5.40843222249047e-05,6.299381038843421e-05,1.46484375e-06,11
809,5.361289489277018e-05,6.176260785650811e-05,1.46484375e-06,0
810,5.3432768254424445e-05,6.186932250784594e-05,1.46484375e-06,1
811,5.408301361361131e-05,6.279553065269283e-05,1.46484375e-06,2
812,5.370678096975704e-05,6.197171779831478e-05,1.46484375e-06,3
813,5.310246357718521e-05,6.175760915994033e-05,1.46484375e-06,4
814,5.304639823104177e-05,6.161171376106722e-05,1.46484375e-06,0
815,5.3342236848645065e-05,6.176231573817859e-05,1.46484375e-06,1
816,5.297363244001948e-05,6.169523004473376e-05,1.46484375e-06,2
817,5.2824506989660826e-05,6.199973682896598e-05,1.46484375e-06,3
818,5.2832997122701876e-05,6.247293799788167e-05,1.46484375e-06,4
819,5.3103982281754725e-05,6.195515720719413e-05,1.46484375e-06,5
820,5.3819286828608405e-05,6.212296028706987e-05,1.46484375e-06,6
821,5.3584527601439426e-05,6.182302348634039e-05,1.46484375e-06,7
822,5.317839152970313e-05,6.184146690202397e-05,1.46484375e-06,8
823,5.338366872820188e-05,6.303422804876391e-05,1.46484375e-06,9
824,5.354469931262429e-05,6.148609077172296e-05,1.46484375e-06,0
825,5.287659587338567e-05,6.142365418781992e-05,1.46484375e-06,0
826,5.32287294845446e-05,6.167817269897569e-05,1.46484375e-06,1
827,5.309300255855002e-05,6.19979936686832e-05,1.46484375e-06,2
828,5.334837548313468e-05,6.237559477995092e-05,1.46484375e-06,3
829,5.327001387437728e-05,6.26191466039927e-05,1.46484375e-06,4
830,5.3684613552225834e-05,6.167176161397947e-05,1.46484375e-06,5
831,5.274473141980707e-05,6.171650250053062e-05,1.46484375e-06,6
832,5.257816625695947e-05,6.14582762068494e-05,1.46484375e-06,7
833,5.289999974896394e-05,6.131623439387113e-05,1.46484375e-06,0
834,5.270970874941364e-05,6.145591038375642e-05,1.46484375e-06,1
835,5.2697153781385474e-05,6.174142288273288e-05,1.46484375e-06,2
836,5.301648070599185e-05,6.143350668708081e-05,1.46484375e-06,3
837,5.34418484979445e-05,6.206535510955291e-05,1.46484375e-06,4
838,5.3119202524006447e-05,6.15057354025339e-05,1.46484375e-06,5
839,5.30293047328693e-05,6.123433911398024e-05,1.46484375e-06,0
840,5.35689296915128e-05,6.218752980657882e-05,1.46484375e-06,1
841,5.51069924767944e-05,6.393829778517102e-05,1.46484375e-06,2
842,5.335931268746208e-05,6.153141970344222e-05,1.46484375e-06,3
843,5.306637641903459e-05,6.206782785511678e-05,1.46484375e-06,4
844,5.2631492508226074e-05,6.167841951310038e-05,1.46484375e-06,5
845,5.34694745510933e-05,6.198533122869776e-05,1.46484375e-06,6
846,5.3163094435149105e-05,6.116377460330114e-05,1.46484375e-06,0
847,5.297736530944045e-05,6.117926039905797e-05,1.46484375e-06,1
848,5.30153003334514e-05,6.123982103645176e-05,1.46484375e-06,2
849,5.2259581176864835e-05,6.134989382644562e-05,1.46484375e-06,3
850,5.361578754066917e-05,6.149443751723993e-05,1.46484375e-06,4
851,5.246089631327777e-05,6.244337549787815e-05,1.46484375e-06,5
852,5.3229125872652126e-05,6.112368947697178e-05,1.46484375e-06,0
853,5.2765384831824726e-05,6.117355536616742e-05,1.46484375e-06,1
854,5.271967241545402e-05,6.124216093894574e-05,1.46484375e-06,2
855,5.2664261450748505e-05,6.156512858979113e-05,1.46484375e-06,3
856,5.292775464719549e-05,6.164057276691892e-05,1.46484375e-06,4
857,5.410299248372515e-05,6.320120434111232e-05,1.46484375e-06,5
858,5.486903061561558e-05,6.139102717384048e-05,1.46484375e-06,6
859,5.345734674241006e-05,6.121158338601163e-05,1.46484375e-06,7
860,5.39445292512634e-05,6.245077656785725e-05,1.46484375e-06,8
861,5.375993032430415e-05,6.114912889643165e-05,1.46484375e-06,9
862,5.260744243666219e-05,6.121605861153512e-05,1.46484375e-06,10
863,5.213543454374303e-05,6.134192062745569e-05,1e-06,11
864,5.2340511198660046e-05,6.085828687218964e-05,1e-06,0
865,5.2040354148630286e-05,6.0881788954247895e-05,1e-06,1
866,5.218541385450711e-05,6.098958755273998e-05,1e-06,2
867,5.2263551424402976e-05,6.0840255798666476e-05,1e-06,0
868,5.263528889069372e-05,6.10363011901427e-05,1e-06,1
869,5.266411547684887e-05,6.080494517846091e-05,1e-06,0
870,5.298527306270747e-05,6.097659235138053e-05,1e-06,1
871,5.2673162826977205e-05,6.074436015524043e-05,1e-06,0
872,5.210683457335108e-05,6.076416974565291e-05,1e-06,1
873,5.384577487651162e-05,6.132956190185723e-05,1e-06,2
874,5.460744372006351e-05,6.122719162249268e-05,1e-06,3
875,5.2737286144595906e-05,6.150662682102848e-05,1e-06,4
876,5.2316411332261246e-05,6.117319043141833e-05,1e-06,5
877,5.302241273360172e-05,6.074413943224499e-05,1e-06,6
878,5.2394277796944756e-05,6.087600206683419e-05,1e-06,7
879,5.2564927500498015e-05,6.086844302899408e-05,1e-06,8
880,5.239267223563123e-05,6.069769636951605e-05,1e-06,0
881,5.208480358002513e-05,6.0747210000045015e-05,1e-06,1
882,5.2482638238871004e-05,6.136354465979821e-05,1e-06,2
883,5.3145854659912097e-05,6.0600018798595556e-05,1e-06,0
884,5.2089332560475064e-05,6.0930738413844665e-05,1e-06,1
885,5.1910764038135916e-05,6.092228130682997e-05,1e-06,2
886,5.3126301584901135e-05,6.205357078670204e-05,1e-06,3
887,5.2568364026228664e-05,6.1417840129252e-05,1e-06,4
888,5.3394908112143945e-05,6.125490608610562e-05,1e-06,5
889,5.2322458183577204e-05,6.069338843417427e-05,1e-06,6
890,5.378010412944908e-05,6.126465194711272e-05,1e-06,7
891,5.214931328130964e-05,6.0512671382184635e-05,1e-06,0
892,5.215769169808482e-05,6.0797044170612935e-05,1e-06,1
893,5.307198883504801e-05,6.0886542200933036e-05,1e-06,2
894,5.317099294188665e-05,6.076837939872348e-05,1e-06,3
895,5.259095390404885e-05,6.0437520005507395e-05,1e-06,0
896,5.2250408922797455e-05,6.111741276981775e-05,1e-06,1
897,5.188866938018085e-05,6.117034746466743e-05,1e-06,2
898,5.211947609495837e-05,6.082923812300578e-05,1e-06,3
899,5.2375290124473395e-05,6.0403632687666686e-05,1e-06,0
900,5.207200668640629e-05,6.055586536035662e-05,1e-06,1
901,5.321910111888428e-05,6.087656151976262e-05,1e-06,2
902,5.29735661984887e-05,6.134429560233912e-05,1e-06,3
903,5.2409803023086475e-05,6.045320907333007e-05,1e-06,4
904,5.1814021693038136e-05,6.039313188921369e-05,1e-06,0
905,5.169553060113685e-05,6.076304049429382e-05,1e-06,1
906,5.211267459041361e-05,6.0539397395587e-05,1e-06,2
907,5.196436829161636e-05,6.0488043288842164e-05,1e-06,3
908,5.334218076313846e-05,6.168832467778884e-05,1e-06,4
909,5.3122798211309906e-05,6.061652698008402e-05,1e-06,5
910,5.160758382771746e-05,6.0554820322522573e-05,1e-06,6
911,5.18333951428455e-05,6.044495614787593e-05,1e-06,7
912,5.203310714326411e-05,6.068547332915841e-05,1e-06,8
913,5.2505400617519626e-05,6.077236048440682e-05,1e-06,9
914,5.284392955218209e-05,6.039752298647727e-05,1e-06,10
915,5.293995612494958e-05,6.077074925769921e-05,1e-06,11
916,5.356597360635836e-05,6.200784574161844e-05,1e-06,12
917,5.3996139740775106e-05,6.285308722908667e-05,1e-06,13
918,5.2488718210952356e-05,6.105386665922197e-05,1e-06,14
919,5.237993733923455e-05,6.0619818839313666e-05,1e-06,15
920,5.2457892403860264e-05,6.039665964863161e-05,1e-06,16
921,5.196257689021877e-05,6.031435961517673e-05,1e-06,0
922,5.1531512629784025e-05,6.031829298080993e-05,1e-06,1
923,5.182764380151639e-05,6.033754868894903e-05,1e-06,2
924,5.14201057436973e-05,6.105654682642125e-05,1e-06,3
925,5.233972206042381e-05,6.157783496973934e-05,1e-06,4
926,5.282990029324234e-05,6.090621820931119e-05,1e-06,5
927,5.1607670532879034e-05,6.0523804080503396e-05,1e-06,6
928,5.1597314116709945e-05,6.0514386348131666e-05,1e-06,7
929,5.2099682003851434e-05,6.008620374586826e-05,1e-06,0
930,5.231555489141707e-05,6.077218785094374e-05,1e-06,1
931,5.175292153580813e-05,6.111643816097967e-05,1e-06,2
932,5.220330134155423e-05,6.0652181730347365e-05,1e-06,3
933,5.190549594165835e-05,6.0624511831974814e-05,1e-06,4
934,5.208443250618681e-05,6.092872229146451e-05,1e-06,5
935,5.23409721608914e-05,6.0066769833611033e-05,1e-06,0
936,5.151600513878899e-05,6.006124073110186e-05,1e-06,1
937,5.200753457756946e-05,6.0214860582163965e-05,1e-06,2
938,5.183549319554004e-05,6.0617389834760615e-05,1e-06,3
939,5.181120074363813e-05,6.0965271757140727e-05,1e-06,4
940,5.23305108496667e-05,6.008772851373578e-05,1e-06,5
941,5.1656210719860006e-05,5.999988519533872e-05,1e-06,0
942,5.374109832700924e-05,6.236523063307686e-05,1e-06,1
943,5.3402069928173056e-05,6.138193370475165e-05,1e-06,2
944,5.1833680117852055e-05,6.018645541416845e-05,1e-06,3
945,5.131626676302403e-05,5.9908413447828934e-05,1e-06,0
946,5.199336237637908e-05,6.000085124924226e-05,1e-06,1
947,5.154053648463256e-05,6.026129133829272e-05,1e-06,2
948,5.149004861474774e-05,6.103877205987374e-05,1e-06,3
949,5.328179395291954e-05,6.0184220131986876e-05,1e-06,4
950,5.190749334360589e-05,6.011234887637329e-05,1e-06,5
951,5.1930428829412754e-05,5.9916031773354916e-05,1e-06,6
952,5.147195921987683e-05,6.00025008452576e-05,1e-06,7
953,5.142015258267444e-05,5.9837335300017e-05,1e-06,0
954,5.141060501046013e-05,6.079348474941071e-05,1e-06,1
955,5.2271553007206727e-05,6.055193975385009e-05,1e-06,2
956,5.2631230573751964e-05,5.9740669257735135e-05,1e-06,0
957,5.138664664627868e-05,5.983821876043294e-05,1e-06,1
958,5.144034867043956e-05,5.97696487147914e-05,1e-06,2
959,5.169734580097914e-05,6.0150283104576374e-05,1e-06,3
960,5.175258714492278e-05,6.153608555337087e-05,1e-06,4
961,5.385119076587822e-05,6.048470521591298e-05,1e-06,5
962,5.308817640070629e-05,6.079461286390142e-05,1e-06,6
963,5.3223163680134654e-05,6.193990967062746e-05,1e-06,7
964,5.391117368465833e-05,5.9776654268262064e-05,1e-06,8
965,5.154140179305008e-05,5.964073085351629e-05,1e-06,0
966,5.108730753515071e-05,5.9804949444242084e-05,1e-06,1
967,5.1824054783840744e-05,5.9579953756383475e-05,1e-06,0
968,5.110153430602319e-05,5.985081602943865e-05,1e-06,1
969,5.265638098232254e-05,6.0050635283914744e-05,1e-06,2
970,5.2063339656645745e-05,5.972941266918497e-05,1e-06,3
971,5.229143880569609e-05,6.0362941468383724e-05,1e-06,4
972,5.313812334861723e-05,6.120502285966722e-05,1e-06,5
973,5.0811871157444934e-05,6.2152070142929e-05,1e-06,6
974,5.127524764247937e-05,6.236068628595604e-05,1e-06,7
975,5.392904874194452e-05,5.967664685613272e-05,1e-06,8
976,5.1800827653399516e-05,5.960207062116751e-05,1e-06,9
977,5.106928801978938e-05,5.9848526348105224e-05,1e-06,10
978,5.1810846343869343e-05,6.022984968012679e-05,1e-06,11
979,5.082599561016347e-05,6.0128302550310764e-05,1e-06,12
980,5.182378557340902e-05,6.0705709813646536e-05,1e-06,13
981,5.154890504854848e-05,5.9483206428012636e-05,1e-06,0
982,5.110430720378645e-05,5.95823028106679e-05,1e-06,1
983,5.0894655790519515e-05,5.985825603715966e-05,1e-06,2
984,5.175825496432177e-05,6.158384758236934e-05,1e-06,3
985,5.378790107594492e-05,5.92482788590587e-05,1e-06,0
986,5.234146904816347e-05,6.041332352424433e-05,1e-06,1
987,5.290308816559749e-05,6.369824467356011e-05,1e-06,2
988,5.233416732153273e-05,5.9542394524214615e-05,1e-06,3
989,5.0784008105135094e-05,5.957027491376721e-05,1e-06,4
990,5.1747388473207444e-05,5.92862149346729e-05,1e-06,5
991,5.087811806940105e-05,5.933590068707417e-05,1e-06,6
992,5.202357988309814e-05,6.046465864528727e-05,1e-06,7
993,5.21906422363827e-05,6.117633623148322e-05,1e-06,8
994,5.175766621808483e-05,6.07826553959967e-05,1e-06,9
995,5.130083627591375e-05,5.931412493964672e-05,1e-06,10
996,5.1682276534847915e-05,6.120774310147681e-05,1e-06,11
997,5.137788980391633e-05,6.022426316576457e-05,1e-06,12
998,5.189959210838424e-05,5.917097792007553e-05,1e-06,0
999,5.0952433184647816e-05,5.903682017560641e-05,1e-06,0
1000,5.134254327761786e-05,5.965733294033271e-05,1e-06,1
